wavelength_fl_nm,fluorescence_405_nm,wavelength_abs_nm,absorbance
405.5,0.0013,380.1,0.444
406.3,0.0013,380.9,0.457
407.2,0.0013,381.8,0.479
408,0.0013,382.6,0.501
408.8,0.0013,383.4,0.52
409.7,0.00125,384.3,0.537
410.5,0.0013,385.1,0.555
411.4,0.0013,386,0.571
412.2,0.0013,386.8,0.587
413.1,0.00135,387.7,0.601
413.9,0.00135,388.5,0.616
414.8,0.00135,389.4,0.631
415.6,0.00135,390.2,0.645
416.5,0.00135,391.1,0.66
417.3,0.00135,391.9,0.675
418.2,0.0014,392.8,0.69
419,0.0014,393.6,0.704
419.8,0.0014,394.5,0.716
420.7,0.00145,395.3,0.729
421.5,0.00145,396.1,0.742
422.4,0.0015,397,0.756
423.2,0.0015,397.8,0.769
424.1,0.00155,398.7,0.782
424.9,0.00155,399.5,0.794
425.8,0.0016,400.4,0.805
426.6,0.00165,401.2,0.816
427.5,0.00165,402.1,0.827
428.3,0.00175,402.9,0.837
429.2,0.0018,403.8,0.847
430,0.00185,404.6,0.856
430.9,0.0019,405.5,0.865
431.7,0.002,406.3,0.871
432.5,0.002,407.2,0.877
433.4,0.00215,408,0.883
434.2,0.0022,408.8,0.887
435.1,0.00225,409.7,0.891
435.9,0.0024,410.5,0.893
436.8,0.00255,411.4,0.894
437.6,0.0027,412.2,0.891
438.5,0.0028,413.1,0.887
439.3,0.00295,413.9,0.879
440.2,0.0031,414.8,0.868
441,0.00335,415.6,0.855
441.9,0.0036,416.5,0.84
442.7,0.00385,417.3,0.82
443.6,0.0041,418.2,0.799
444.4,0.00435,419,0.771
445.2,0.00465,419.8,0.742
446.1,0.00495,420.7,0.709
446.9,0.00535,421.5,0.676
447.8,0.00575,422.4,0.64
448.6,0.0062,423.2,0.604
449.5,0.0066,424.1,0.567
450.3,0.00705,424.9,0.53
451.2,0.00755,425.8,0.494
452,0.00805,426.6,0.459
452.9,0.0086,427.5,0.425
453.7,0.00915,428.3,0.391
454.6,0.0098,429.2,0.358
455.4,0.0104,430,0.329
456.3,0.0111,430.9,0.3
457.1,0.01165,431.7,0.275
457.9,0.0123,432.5,0.249
458.8,0.0129,433.4,0.226
459.6,0.01365,434.2,0.204
460.5,0.01435,435.1,0.185
461.3,0.0151,435.9,0.166
462.2,0.01575,436.8,0.151
463,0.0165,437.6,0.137
463.9,0.0173,438.5,0.124
464.7,0.01805,439.3,0.111
465.6,0.0188,440.2,0.101
466.4,0.01945,441,0.093
467.3,0.02025,441.9,0.085
468.1,0.021,442.7,0.078
469,0.0218,443.6,0.072
469.8,0.0225,444.4,0.067
470.6,0.0233,445.2,0.063
471.5,0.0241,446.1,0.059
472.3,0.02485,446.9,0.055
473.2,0.0255,447.8,0.053
474,0.02615,448.6,0.051
474.9,0.02695,449.5,0.049
475.7,0.0277,450.3,0.047
476.6,0.0285,451.2,0.046
477.4,0.0291,452,0.045
478.3,0.0297,452.9,0.044
479.1,0.0304,453.7,0.042
480,0.03105,454.6,0.042
480.8,0.0317,455.4,0.041
481.7,0.03225,456.3,0.041
482.5,0.03295,457.1,0.04
483.3,0.0335,457.9,0.041
484.2,0.03415,458.8,0.04
485,0.0347,459.6,0.04
485.9,0.03535,460.5,0.04
486.7,0.0358,461.3,0.04
487.6,0.03635,462.2,0.041
488.4,0.03675,463,0.041
489.3,0.0373,463.9,0.041
490.1,0.0378,464.7,0.041
491,0.03835,465.6,0.043
491.8,0.0389,466.4,0.043
492.7,0.0394,467.3,0.043
493.5,0.03995,468.1,0.043
494.3,0.04045,469,0.044
495.2,0.04095,469.8,0.044
496,0.04125,470.6,0.045
496.9,0.0416,471.5,0.046
497.7,0.04195,472.3,0.047
498.6,0.04235,473.2,0.048
499.4,0.04265,474,0.049
500.3,0.043,474.9,0.049
501.1,0.04335,475.7,0.05
502,0.0437,476.6,0.051
502.8,0.04405,477.4,0.052
503.7,0.0443,478.3,0.053
504.5,0.04445,479.1,0.054
505.4,0.0446,480,0.055
506.2,0.0448,480.8,0.056
507,0.045,481.7,0.058
507.9,0.04495,482.5,0.059
508.7,0.0449,483.3,0.06
509.6,0.04485,484.2,0.061
510.4,0.04495,485,0.061
511.3,0.0451,485.9,0.063
512.1,0.04525,486.7,0.064
512.9,0.0452,487.6,0.064
513.7,0.0451,488.4,0.065
514.5,0.04485,489.3,0.067
515.3,0.04475,490.1,0.068
516.1,0.0446,491,0.068
516.9,0.0445,491.8,0.07
517.7,0.04425,492.7,0.072
518.4,0.04415,493.5,0.072
519.2,0.04395,494.3,0.072
520,0.04395,495.2,0.073
520.8,0.04375,496,0.075
521.6,0.0436,496.9,0.076
522.4,0.0433,497.7,0.076
523.2,0.043,498.6,0.076
524,0.04285,499.4,0.077
524.7,0.04255,500.3,0.078
525.5,0.0424,501.1,0.078
526.3,0.0422,502,0.079
527.1,0.042,502.8,0.079
527.9,0.0417,503.7,0.08
528.7,0.04135,504.5,0.081
529.5,0.0411,505.4,0.08
530.3,0.0409,506.2,0.08
531,0.04065,507,0.08
531.8,0.04045,507.9,0.081
532.6,0.0402,508.7,0.082
533.4,0.0399,509.6,0.082
534.2,0.03945,510.4,0.083
535,0.0389,511.3,0.083
535.8,0.0386,512.1,0.083
536.6,0.0383,512.9,0.083
537.3,0.03815,513.7,0.082
538.1,0.03785,514.5,0.082
538.9,0.03765,515.3,0.082
539.7,0.03735,516.1,0.082
540.5,0.0369,516.9,0.082
541.3,0.0364,517.7,0.082
542.1,0.03605,518.4,0.082
542.9,0.03575,519.2,0.082
543.6,0.0354,520,0.081
544.4,0.035,520.8,0.081
545.2,0.0346,521.6,0.08
546,0.0342,522.4,0.08
546.8,0.03375,523.2,0.081
547.6,0.03325,524,0.081
548.4,0.03275,524.7,0.08
549.2,0.0324,525.5,0.079
549.9,0.03185,526.3,0.079
550.7,0.03135,527.1,0.079
551.5,0.0308,527.9,0.079
552.3,0.03045,528.7,0.079
553.1,0.02995,529.5,0.078
553.9,0.02955,530.3,0.078
554.7,0.02905,531,0.078
555.5,0.0286,531.8,0.078
556.2,0.0282,532.6,0.079
557,0.02785,533.4,0.079
557.8,0.0275,534.2,0.079
558.6,0.027,535,0.078
559.4,0.0265,535.8,0.079
560.2,0.02605,536.6,0.079
561,0.0257,537.3,0.08
561.7,0.02535,538.1,0.081
562.5,0.025,538.9,0.082
563.3,0.02455,539.7,0.081
564.1,0.0241,540.5,0.081
564.9,0.0236,541.3,0.08
565.7,0.0232,542.1,0.078
566.5,0.0227,542.9,0.077
567.3,0.02235,543.6,0.076
568,0.0219,544.4,0.075
568.8,0.02155,545.2,0.073
569.6,0.0212,546,0.072
570.4,0.0208,546.8,0.07
571.2,0.02045,547.6,0.067
572,0.02015,548.4,0.066
572.8,0.0198,549.2,0.063
573.6,0.01965,549.9,0.062
574.3,0.01925,550.7,0.06
575.1,0.01895,551.5,0.059
575.9,0.0186,552.3,0.058
576.7,0.0183,553.1,0.057
577.5,0.01805,553.9,0.056
578.3,0.01775,554.7,0.055
579.1,0.01745,555.5,0.054
579.9,0.01715,556.2,0.054
580.6,0.01675,557,0.054
581.4,0.01635,557.8,0.052
582.2,0.016,558.6,0.052
583,0.01565,559.4,0.051
583.8,0.0153,560.2,0.05
584.6,0.01495,561,0.049
585.4,0.0146,561.7,0.049
586.2,0.01425,562.5,0.048
586.9,0.01395,563.3,0.047
587.7,0.0137,564.1,0.047
588.5,0.0134,564.9,0.046
589.2,0.01305,565.7,0.046
590,0.0127,566.5,0.045
590.7,0.0124,567.3,0.045
591.4,0.0122,568,0.044
592.2,0.01195,568.8,0.044
592.9,0.0117,569.6,0.044
593.6,0.01135,570.4,0.043
594.4,0.01105,571.2,0.042
595.1,0.0107,572,0.041
595.8,0.01045,572.8,0.041
596.6,0.01015,573.6,0.041
597.3,0.00985,574.3,0.041
598,0.00955,575.1,0.04
598.8,0.0093,575.9,0.04
599.5,0.009,576.7,0.039
600.2,0.0088,577.5,0.039
601,0.00855,578.3,0.039
601.7,0.00835,579.1,0.039
602.4,0.0081,579.9,0.038
603.2,0.00785,580.6,0.038
603.9,0.00765,581.4,0.038
604.6,0.00745,582.2,0.037
605.4,0.00725,583,0.037
606.1,0.0071,583.8,0.036
606.8,0.00695,584.6,0.036
607.6,0.00685,585.4,0.036
608.3,0.00675,586.2,0.036
609,0.00655,586.9,0.036
609.8,0.00635,587.7,0.035
610.5,0.0062,588.5,0.034
611.2,0.0061,589.2,0.034
612,0.00595,590,0.034
612.7,0.0058,590.7,0.033
613.4,0.00565,591.4,0.033
614.2,0.0055,592.2,0.033
614.9,0.0053,592.9,0.033
615.6,0.0052,593.6,0.032
616.4,0.00505,594.4,0.031
617.1,0.00485,595.1,0.03
617.8,0.0047,595.8,0.03
618.6,0.00465,596.6,0.03
619.3,0.00455,597.3,0.03
620,0.00445,598,0.03
620.8,0.0043,598.8,0.03
621.5,0.0042,599.5,0.03
622.2,0.00415,600.2,0.029
623,0.004,601,0.029
623.7,0.00395,601.7,0.029
624.4,0.0038,602.4,0.029
625.2,0.00375,603.2,0.028
625.9,0.00365,603.9,0.028
626.6,0.00355,604.6,0.028
627.4,0.0035,605.4,0.028
628.1,0.00345,606.1,0.029
628.8,0.00335,606.8,0.029
629.6,0.0033,607.6,0.029
630.3,0.0032,608.3,0.031
631,0.00315,609,0.031
631.8,0.00305,609.8,0.032
632.5,0.00295,610.5,0.03
633.2,0.0029,611.2,0.03
634,0.00285,612,0.029
634.7,0.00275,612.7,0.029
635.4,0.0027,613.4,0.028
636.2,0.0027,614.2,0.028
636.9,0.0026,614.9,0.027
637.6,0.00255,615.6,0.026
638.4,0.0025,616.4,0.026
639.1,0.0024,617.1,0.026
639.8,0.0024,617.8,0.026
640.6,0.00235,618.6,0.025
641.3,0.0023,619.3,0.025
642.1,0.00225,620,0.025
642.8,0.0022,620.8,0.025
643.5,0.0022,621.5,0.025
644.3,0.00215,622.2,0.025
645,0.00215,623,0.025
645.7,0.0021,623.7,0.024
646.5,0.00205,624.4,0.024
647.2,0.00205,625.2,0.024
647.9,0.002,625.9,0.024
648.7,0.00205,626.6,0.024
649.4,0.00195,627.4,0.024
650.1,0.00195,628.1,0.024
650.9,0.0019,628.8,0.023
651.6,0.00185,629.6,0.023
652.3,0.00185,630.3,0.023
653.1,0.0018,631,0.023
653.8,0.0018,631.8,0.022
654.5,0.0017,632.5,0.022
655.3,0.0017,633.2,0.022
656,0.0017,634,0.023
656.7,0.0017,634.7,0.022
657.5,0.00165,635.4,0.022
658.2,0.00165,636.2,0.021
658.9,0.00165,636.9,0.021
659.7,0.00165,637.6,0.021
660.4,0.00165,638.4,0.022
661.1,0.0016,639.1,0.022
661.9,0.0016,639.8,0.022
662.6,0.0016,640.6,0.022
663.3,0.0016,641.3,0.021
664.1,0.0016,642.1,0.021
664.8,0.00155,642.8,0.021
665.5,0.0015,643.5,0.021
666.3,0.00145,644.3,0.021
667,0.00145,645,0.02
667.8,0.00145,645.7,0.021
668.5,0.0015,646.5,0.021
669.3,0.0015,647.2,0.02
670.1,0.0015,647.9,0.019
670.8,0.0015,648.7,0.02
671.6,0.00145,649.4,0.02
672.4,0.00145,650.1,0.02
673.2,0.0014,650.9,0.02
673.9,0.0014,651.6,0.02
674.7,0.0014,652.3,0.021
675.5,0.00145,653.1,0.02
676.2,0.00145,653.8,0.02
677,0.0014,654.5,0.019
677.8,0.0014,655.3,0.02
678.6,0.00135,656,0.02
679.3,0.0013,656.7,0.02
680.1,0.0013,657.5,0.019
680.9,0.0013,658.2,0.019
681.6,0.00135,658.9,0.018
682.4,0.00135,659.7,0.019
683.2,0.0013,660.4,0.019
684,0.0013,661.1,0.019
684.7,0.00125,661.9,0.019
685.5,0.00125,662.6,0.019
686.3,0.00125,663.3,0.019
687.1,0.00125,664.1,0.019
687.8,0.00125,664.8,0.019
688.6,0.00125,665.5,0.019
689.4,0.0012,666.3,0.019
690.1,0.0012,667,0.018
690.9,0.0012,667.8,0.019
691.7,0.0012,668.5,0.019
692.5,0.0012,669.3,0.019
693.2,0.00125,670.1,0.018
694,0.00125,670.8,0.018
694.8,0.0012,671.6,0.018
695.5,0.00115,672.4,0.017
696.3,0.00115,673.2,0.018
697.1,0.00115,673.9,0.018
697.9,0.00115,674.7,0.018
698.6,0.00115,675.5,0.018
699.4,0.00115,676.2,0.018
700.2,0.00115,677,0.018
701,0.00115,677.8,0.018
701.7,0.0011,678.6,0.018
702.5,0.0011,679.3,0.017
703.3,0.0011,680.1,0.017
704,0.0011,680.9,0.017
704.8,0.0011,681.6,0.018
705.6,0.0011,682.4,0.018
706.4,0.0011,683.2,0.018
707.1,0.0011,684,0.018
707.9,0.00115,684.7,0.017
708.7,0.0011,685.5,0.017
709.5,0.0011,686.3,0.017
710.3,0.0011,687.1,0.017
711.1,0.0011,687.8,0.017
711.9,0.00105,688.6,0.017
712.7,0.00105,689.4,0.016
713.5,0.00105,690.1,0.016
714.3,0.0011,690.9,0.017
715.1,0.0011,691.7,0.018
715.9,0.0011,692.5,0.018
716.7,0.00105,693.2,0.018
717.5,0.001,694,0.018
718.3,0.001,694.8,0.018
719.1,0.00105,695.5,0.017
719.9,0.00105,696.3,0.017
720.7,0.00105,697.1,0.017
721.5,0.00105,697.9,0.017
722.3,0.00105,698.6,0.017
723.1,0.001,699.4,0.017
723.9,0.00105,700.2,0.017
724.7,0.001,701,0.016
725.5,0.001,701.7,0.016
726.3,0.001,702.5,0.017
727.1,0.00105,703.3,0.017
727.9,0.00105,704,0.018
728.7,0.00105,704.8,0.018
729.5,0.00105,705.6,0.017
730.3,0.00105,706.4,0.016
731.1,0.00105,707.1,0.016
731.9,0.001,707.9,0.016
732.7,0.001,708.7,0.016
733.5,0.001,709.5,0.017
734.3,0.001,710.3,0.017
735.1,0.001,711.1,0.016
735.9,0.001,711.9,0.016
736.7,0.001,712.7,0.016
737.5,0.00105,713.5,0.017
738.3,0.001,714.3,0.017
739.1,0.001,715.1,0.017
739.9,0.00095,715.9,0.016
740.7,0.00095,716.7,0.015
741.5,0.001,717.5,0.015
742.3,0.001,718.3,0.016
743.1,0.001,719.1,0.016
743.9,0.00095,719.9,0.016
744.7,0.00095,720.7,0.016
745.5,0.00095,721.5,0.016
746.3,0.00095,722.3,0.016
747.1,0.00095,723.1,0.016
747.9,0.00095,723.9,0.016
748.7,0.00095,724.7,0.016
749.5,0.001,725.5,0.016
750.3,0.001,726.3,0.016
751.1,0.00095,727.1,0.016
751.9,0.00095,727.9,0.016
752.7,0.00095,728.7,0.016
753.5,0.00095,729.5,0.017
754.3,0.00095,730.3,0.017
755.1,0.0009,731.1,0.017
755.9,0.00095,731.9,0.016
756.7,0.00095,732.7,0.016
757.5,0.00095,733.5,0.016
758.3,0.0009,734.3,0.016
759.1,0.0009,735.1,0.016
759.9,0.0009,735.9,0.016
760.7,0.0009,736.7,0.017
761.5,0.0009,737.5,0.017
762.3,0.00095,738.3,0.017
763.1,0.00095,739.1,0.016
763.8,0.00095,739.9,0.016
764.6,0.0009,740.7,0.016
765.4,0.00095,741.5,0.016
766.2,0.00095,742.3,0.016
767,0.001,743.1,0.016
767.8,0.00095,743.9,0.016
768.6,0.00095,744.7,0.017
769.4,0.00095,745.5,0.016
770.2,0.00095,746.3,0.016
771,0.00095,747.1,0.016
771.8,0.00095,747.9,0.016
772.6,0.001,748.7,0.016
773.4,0.00095,749.5,0.017
774.2,0.00095,750.3,0.017
775,0.0009,751.1,0.017
775.8,0.0009,751.9,0.017
776.6,0.0009,752.7,0.017
777.4,0.00095,753.5,0.017
778.2,0.00095,754.3,0.016
779,0.0009,755.1,0.016
779.8,0.0009,755.9,0.016
780.6,0.0009,756.7,0.016
781.4,0.0009,757.5,0.016
782.2,0.0009,758.3,0.016
783,0.0009,759.1,0.016
783.8,0.00095,759.9,0.016
784.6,0.00095,760.7,0.016
785.4,0.00095,761.5,0.015
786.2,0.001,762.3,0.015
787,0.00095,763.1,0.016
787.8,0.0009,763.8,0.016
788.6,0.0009,764.6,0.016
789.4,0.0009,765.4,0.016
790.2,0.00095,766.2,0.016
791,0.00095,767,0.017
791.8,0.00095,767.8,0.017
792.6,0.0009,768.6,0.016
793.4,0.00085,769.4,0.016
794.2,0.0009,770.2,0.016
795,0.0009,771,0.016
795.8,0.0009,771.8,0.016
796.6,0.0009,772.6,0.016
797.4,0.0009,773.4,0.017
798.2,0.0009,774.2,0.016
799,0.0009,775,0.016
799.8,0.0009,775.8,0.015
800.6,0.00095,776.6,0.016
801.4,0.00095,777.4,0.016
802.2,0.00095,778.2,0.016
803,0.0009,779,0.016
803.8,0.00085,779.8,0.016
804.6,0.00085,780.6,0.015
805.4,0.0009,781.4,0.016
806.2,0.00095,782.2,0.016
807,0.00095,783,0.016
807.8,0.0009,783.8,0.017
808.6,0.0009,784.6,0.017
809.4,0.0009,785.4,0.016
810.2,0.0009,786.2,0.015
811,0.0009,787,0.016
811.8,0.0009,787.8,0.016
812.6,0.0009,788.6,0.017
813.4,0.0009,789.4,0.017
814.2,0.00085,790.2,0.016
815,0.0009,791,0.016
815.8,0.0009,791.8,0.016
816.6,0.0009,792.6,0.016
817.4,0.0009,793.4,0.016
818.2,0.00095,794.2,0.016
819,0.00095,795,0.017
819.8,0.00095,795.8,0.016
820.6,0.0009,796.6,0.016
821.3,0.0009,797.4,0.016
822.1,0.00085,798.2,0.016
822.9,0.00085,799,0.016
823.7,0.0009,799.8,0.016
824.5,0.0009,800.6,0.016
825.3,0.0009,801.4,0.016
826.1,0.00085,802.2,0.016
826.9,0.00085,803,0.016
827.7,0.00085,803.8,0.015
828.5,0.0009,804.6,0.015
829.3,0.0009,805.4,0.015
830.1,0.00085,806.2,0.016
830.9,0.00085,807,0.017
831.7,0.00085,807.8,0.017
832.6,0.0009,808.6,0.016
833.4,0.0009,809.4,0.015
834.2,0.0009,810.2,0.015
835,0.00085,811,0.015
835.8,0.00085,811.8,0.016
836.6,0.0009,812.6,0.016
837.4,0.00085,813.4,0.016
838.2,0.00085,814.2,0.015
839,0.0008,815,0.016
839.8,0.00085,815.8,0.016
840.6,0.0009,816.6,0.016
841.4,0.0009,817.4,0.017
842.2,0.0009,818.2,0.017
843,0.00085,819,0.016
843.8,0.0008,819.8,0.016
844.6,0.00085,820.6,0.016
845.4,0.00085,821.3,0.016
846.2,0.00085,822.1,0.016
847,0.0009,822.9,0.016
847.8,0.0009,823.7,0.016
848.6,0.00085,824.5,0.016
849.4,0.00085,825.3,0.016
850.2,0.00085,826.1,0.016
851,0.00085,826.9,0.016
851.8,0.00085,827.7,0.016
852.6,0.00085,828.5,0.016
853.4,0.0009,829.3,0.016
854.2,0.0009,830.1,0.016
855,0.0009,830.9,0.016
855.8,0.00085,831.7,0.016
856.6,0.00085,832.6,0.017
857.4,0.0008,833.4,0.017
858.2,0.00085,834.2,0.016
859,0.00085,835,0.016
859.8,0.00085,835.8,0.016
860.6,0.00085,836.6,0.016
861.5,0.00085,837.4,0.016
862.3,0.00085,838.2,0.016
863.1,0.00085,839,0.016
863.9,0.00085,839.8,0.016
864.7,0.00085,840.6,0.016
865.5,0.0009,841.4,0.016
866.3,0.0009,842.2,0.016
867.1,0.00095,843,0.016
867.9,0.0009,843.8,0.016
868.7,0.00085,844.6,0.016
869.5,0.00085,845.4,0.016
870.3,0.00085,846.2,0.017
871.1,0.00085,847,0.016
871.9,0.00085,847.8,0.016
872.7,0.0008,848.6,0.015
873.5,0.0008,849.4,0.016
874.3,0.00085,850.2,0.015
875.1,0.00085,851,0.016
875.9,0.0009,851.8,0.016
876.7,0.0009,852.6,0.016
877.5,0.0009,853.4,0.016
878.3,0.00085,854.2,0.016
879.1,0.00085,855,0.016
879.9,0.00085,855.8,0.016
880.7,0.00085,856.6,0.016
881.5,0.00085,857.4,0.015
882.3,0.00085,858.2,0.015
883.1,0.00085,859,0.016
883.9,0.00085,859.8,0.017
884.7,0.00085,860.6,0.016
885.5,0.00085,861.5,0.016
886.3,0.00085,862.3,0.016
887.1,0.0008,863.1,0.016
887.9,0.00085,863.9,0.015
888.7,0.0009,864.7,0.015
889.6,0.0009,865.5,0.015
890.4,0.00085,866.3,0.016
891.2,0.00085,867.1,0.016
892,0.00085,867.9,0.017
892.8,0.00085,868.7,0.016
893.6,0.0008,869.5,0.016
894.4,0.00085,870.3,0.016
895.2,0.00085,871.1,0.016
896,0.0009,871.9,0.016
896.8,0.00085,872.7,0.017
897.6,0.00085,873.5,0.016
898.4,0.00085,874.3,0.016
899.2,0.0008,875.1,0.016
900,0.00085,875.9,0.016
,,876.7,0.016
,,877.5,0.016
,,878.3,0.016
,,879.1,0.016
,,879.9,0.016
,,880.7,0.015
,,881.5,0.015
,,882.3,0.015
,,883.1,0.015
,,883.9,0.016
,,884.7,0.016
,,885.5,0.016
,,886.3,0.016
,,887.1,0.016
,,887.9,0.016
,,888.7,0.015
,,889.6,0.015
,,890.4,0.015
,,891.2,0.016
,,892,0.016
,,892.8,0.016
,,893.6,0.016
,,894.4,0.015
,,895.2,0.015
,,896,0.015
,,896.8,0.015
,,897.6,0.015
,,898.4,0.016
,,899.2,0.016
,,900,0.016