wavelength_nm,abs_blue_1,abs_red_40
380,0.1679,0.258
380.9,0.1702,0.259
381.8,0.1748,0.258
382.7,0.17825,0.258
383.6,0.18055,0.256
384.5,0.184,0.255
385.3,0.1886,0.253
386.2,0.19205,0.251
387.1,0.19435,0.247
388,0.19435,0.243
388.9,0.19665,0.24
389.8,0.1978,0.237
390.7,0.1978,0.233
391.6,0.19895,0.229
392.5,0.19895,0.226
393.4,0.19895,0.224
394.2,0.19895,0.222
395.1,0.19895,0.22
396,0.2001,0.217
396.9,0.20125,0.214
397.8,0.20355,0.211
398.7,0.2047,0.208
399.6,0.207,0.206
400.5,0.2093,0.203
401.4,0.2116,0.202
402.3,0.21505,0.202
403.1,0.21735,0.2
404,0.21965,0.198
404.9,0.22195,0.197
405.8,0.2231,0.195
406.7,0.2254,0.194
407.6,0.22655,0.194
408.5,0.2277,0.193
409.4,0.2277,0.194
410.3,0.2277,0.193
411.2,0.2277,0.194
412,0.22655,0.195
412.9,0.2254,0.195
413.8,0.22425,0.195
414.7,0.2231,0.195
415.6,0.2208,0.195
416.5,0.2162,0.195
417.4,0.2139,0.197
418.3,0.2116,0.198
419.2,0.2093,0.2
420.1,0.207,0.201
420.9,0.20355,0.203
421.8,0.20125,0.205
422.7,0.1978,0.207
423.6,0.1955,0.21
424.5,0.19205,0.213
425.4,0.18975,0.216
426.3,0.1863,0.219
427.2,0.184,0.222
428.1,0.18055,0.226
429,0.17825,0.229
429.8,0.17595,0.234
430.7,0.17365,0.238
431.6,0.17135,0.243
432.5,0.16905,0.247
433.4,0.16675,0.252
434.3,0.16445,0.258
435.2,0.161,0.264
436.1,0.1587,0.269
437,0.1564,0.275
437.8,0.1541,0.282
438.7,0.15295,0.29
439.6,0.15065,0.297
440.5,0.14835,0.305
441.4,0.1449,0.314
442.3,0.14375,0.323
443.2,0.14145,0.333
444.1,0.13915,0.342
445,0.13685,0.351
445.9,0.1357,0.36
446.7,0.1334,0.369
447.6,0.13225,0.379
448.5,0.12995,0.39
449.4,0.1265,0.402
450.3,0.1242,0.413
451.2,0.1219,0.425
452.1,0.1196,0.437
453,0.11845,0.449
453.9,0.11615,0.461
454.8,0.11385,0.473
455.6,0.11155,0.485
456.5,0.10925,0.498
457.4,0.10695,0.511
458.3,0.10465,0.523
459.2,0.1035,0.535
460.1,0.1012,0.548
461,0.10005,0.561
461.9,0.09775,0.574
462.8,0.0966,0.587
463.7,0.0943,0.6
464.5,0.09315,0.612
465.4,0.09085,0.625
466.3,0.08855,0.639
467.2,0.08625,0.652
468.1,0.08395,0.663
469,0.0828,0.675
469.9,0.0805,0.687
470.8,0.07935,0.699
471.7,0.0782,0.712
472.6,0.07705,0.722
473.4,0.07475,0.733
474.3,0.07245,0.742
475.2,0.0713,0.754
476.1,0.07015,0.765
477,0.069,0.776
477.9,0.06785,0.786
478.8,0.06555,0.796
479.7,0.0644,0.804
480.6,0.06325,0.814
481.4,0.06095,0.824
482.3,0.0598,0.835
483.2,0.05865,0.844
484.1,0.05865,0.851
485,0.0575,0.859
485.9,0.0552,0.864
486.8,0.0529,0.872
487.7,0.05175,0.876
488.6,0.0506,0.885
489.5,0.0506,0.89
490.3,0.0483,0.897
491.2,0.04715,0.9
492.1,0.046,0.905
493,0.04485,0.908
493.9,0.0437,0.911
494.8,0.04255,0.913
495.7,0.0414,0.915
496.6,0.04025,0.917
497.5,0.0391,0.919
498.4,0.0391,0.922
499.2,0.03795,0.922
500.1,0.03795,0.922
501,0.0368,0.921
501.9,0.03565,0.92
502.8,0.0345,0.918
503.7,0.0345,0.917
504.6,0.0345,0.915
505.5,0.03565,0.914
506.4,0.03565,0.912
507.3,0.03565,0.908
508.1,0.03565,0.904
509,0.03565,0.901
509.9,0.0368,0.896
510.8,0.03795,0.892
511.7,0.0391,0.888
512.6,0.0391,0.884
513.4,0.0391,0.879
514.2,0.0391,0.874
515,0.04025,0.87
515.8,0.0414,0.865
516.7,0.04255,0.859
517.5,0.04485,0.853
518.3,0.04485,0.848
519.1,0.04715,0.843
520,0.04715,0.836
520.8,0.0483,0.831
521.6,0.04945,0.824
522.4,0.0506,0.82
523.2,0.0529,0.812
524.1,0.05405,0.805
524.9,0.0552,0.797
525.7,0.0575,0.79
526.5,0.05865,0.783
527.3,0.06095,0.776
528.2,0.0621,0.768
529,0.0644,0.76
529.8,0.06555,0.75
530.6,0.0667,0.742
531.5,0.0667,0.732
532.3,0.06785,0.722
533.1,0.07015,0.709
533.9,0.07245,0.699
534.7,0.07475,0.688
535.6,0.07705,0.678
536.4,0.07935,0.665
537.2,0.0805,0.651
538,0.0805,0.637
538.9,0.08165,0.624
539.7,0.08395,0.61
540.5,0.0874,0.597
541.3,0.09085,0.582
542.1,0.09545,0.568
543,0.0966,0.554
543.8,0.09775,0.539
544.6,0.10005,0.522
545.4,0.10235,0.506
546.2,0.1058,0.489
547.1,0.1081,0.472
547.9,0.1104,0.456
548.7,0.11385,0.44
549.5,0.11615,0.425
550.4,0.11845,0.41
551.2,0.12075,0.392
552,0.1242,0.376
552.8,0.1288,0.36
553.6,0.13225,0.346
554.5,0.1357,0.331
555.3,0.138,0.316
556.1,0.1426,0.302
556.9,0.14605,0.288
557.7,0.15065,0.275
558.6,0.1541,0.262
559.4,0.1587,0.249
560.2,0.1633,0.237
561,0.16675,0.226
561.9,0.17135,0.215
562.7,0.1748,0.205
563.5,0.1794,0.194
564.3,0.184,0.184
565.1,0.18975,0.175
566,0.19435,0.166
566.8,0.19895,0.157
567.6,0.2047,0.149
568.4,0.2093,0.141
569.3,0.21505,0.135
570.1,0.2208,0.129
570.9,0.2254,0.123
571.7,0.23,0.117
572.5,0.2346,0.111
573.4,0.24035,0.105
574.2,0.2438,0.1
575,0.2484,0.095
575.8,0.253,0.091
576.6,0.25875,0.087
577.5,0.26335,0.083
578.3,0.2691,0.08
579.1,0.2737,0.076
579.9,0.27945,0.073
580.8,0.28405,0.07
581.6,0.2875,0.067
582.4,0.29095,0.065
583.2,0.2944,0.062
584,0.299,0.059
584.9,0.30245,0.056
585.7,0.30705,0.054
586.5,0.3128,0.052
587.3,0.3174,0.05
588.1,0.322,0.048
588.9,0.3266,0.046
589.6,0.3312,0.044
590.4,0.3358,0.043
591.1,0.3404,0.041
591.8,0.34615,0.04
592.6,0.3519,0.039
593.3,0.3588,0.038
594.1,0.36455,0.037
594.8,0.37145,0.037
595.6,0.37835,0.036
596.3,0.38525,0.035
597.1,0.3933,0.034
597.8,0.40135,0.033
598.5,0.41055,0.033
599.3,0.4186,0.033
600,0.42895,0.033
600.8,0.43815,0.032
601.5,0.44965,0.032
602.3,0.46,0.031
603,0.4715,0.031
603.7,0.48185,0.031
604.5,0.4945,0.031
605.2,0.50715,0.03
606,0.5198,0.029
606.7,0.53245,0.028
607.5,0.54625,0.027
608.2,0.5612,0.027
609,0.57615,0.027
609.7,0.5911,0.027
610.4,0.60605,0.026
611.2,0.61985,0.026
611.9,0.63595,0.025
612.7,0.65205,0.025
613.4,0.667,0.024
614.2,0.6831,0.024
614.9,0.6992,0.024
615.7,0.71645,0.024
616.4,0.73025,0.024
617.1,0.7452,0.024
617.9,0.76015,0.024
618.6,0.77625,0.023
619.4,0.7912,0.023
620.1,0.80385,0.023
620.9,0.8165,0.022
621.6,0.82685,0.023
622.3,0.8372,0.023
623.1,0.8464,0.023
623.8,0.8556,0.022
624.6,0.86135,0.022
625.3,0.8671,0.022
626.1,0.8717,0.022
626.8,0.87515,0.022
627.6,0.8763,0.022
628.3,0.8763,0.021
629,0.874,0.02
629.8,0.87055,0.021
630.5,0.86365,0.021
631.3,0.85675,0.021
632,0.84755,0.021
632.8,0.83835,0.021
633.5,0.8257,0.021
634.3,0.8119,0.02
635,0.79695,0.021
635.7,0.78085,0.021
636.5,0.7636,0.021
637.2,0.74405,0.02
638,0.7245,0.02
638.7,0.7038,0.02
639.5,0.6831,0.02
640.2,0.6601,0.02
640.9,0.63825,0.02
641.7,0.6141,0.02
642.4,0.5911,0.02
643.2,0.5681,0.02
643.9,0.5451,0.02
644.7,0.52095,0.02
645.4,0.4968,0.019
646.2,0.47495,0.019
646.9,0.45195,0.019
647.6,0.4301,0.02
648.4,0.4071,0.019
649.1,0.38525,0.019
649.9,0.36455,0.019
650.6,0.34385,0.019
651.4,0.3243,0.019
652.1,0.30705,0.018
652.9,0.28865,0.018
653.6,0.27255,0.018
654.3,0.2576,0.018
655.1,0.2415,0.018
655.8,0.2277,0.018
656.6,0.21275,0.018
657.3,0.20125,0.018
658.1,0.18975,0.018
658.8,0.1794,0.018
659.5,0.1679,0.017
660.3,0.15755,0.017
661,0.14835,0.017
661.8,0.13915,0.017
662.5,0.1311,0.017
663.3,0.12305,0.017
664,0.11615,0.017
664.8,0.10925,0.017
665.5,0.10235,0.018
666.2,0.0966,0.018
667,0.09085,0.018
667.8,0.08625,0.017
668.5,0.07935,0.017
669.3,0.07475,0.018
670,0.0713,0.018
670.8,0.0667,0.018
671.5,0.06325,0.018
672.3,0.0598,0.018
673.1,0.05635,0.017
673.8,0.0529,0.017
674.6,0.0506,0.017
675.3,0.0483,0.018
676.1,0.046,0.018
676.8,0.04255,0.018
677.6,0.04025,0.017
678.4,0.03795,0.018
679.1,0.03565,0.017
679.9,0.0345,0.017
680.6,0.03335,0.017
681.4,0.0322,0.017
682.1,0.0299,0.017
682.9,0.0276,0.017
683.7,0.02645,0.017
684.4,0.0253,0.017
685.2,0.0253,0.016
685.9,0.02415,0.016
686.7,0.023,0.016
687.4,0.02185,0.016
688.2,0.0207,0.016
689,0.01955,0.015
689.7,0.01955,0.015
690.5,0.01955,0.015
691.2,0.0184,0.015
692,0.0184,0.015
692.7,0.0161,0.015
693.5,0.0161,0.015
694.3,0.01495,0.015
695,0.01495,0.015
695.8,0.01495,0.015
696.5,0.01495,0.015
697.3,0.01495,0.015
698,0.0138,0.016
698.8,0.0138,0.016
699.6,0.01265,0.016
700.3,0.0138,0.016
701.1,0.01265,0.015
701.8,0.01265,0.015
702.6,0.01265,0.016
703.3,0.01265,0.017
704.1,0.01265,0.016
704.9,0.01265,0.017
705.6,0.0115,0.016
706.4,0.0115,0.017
707.1,0.0115,0.017
707.9,0.0115,0.017
708.7,0.0115,0.017
709.5,0.0115,0.016
710.3,0.01035,0.016
711,0.01035,0.016
711.8,0.01035,0.016
712.6,0.0115,0.016
713.4,0.0115,0.016
714.1,0.0115,0.017
714.9,0.0115,0.017
715.7,0.0115,0.017
716.5,0.01035,0.016
717.3,0.01035,0.015
718,0.01035,0.016
718.8,0.01035,0.016
719.6,0.0115,0.016
720.4,0.01035,0.016
721.2,0.01035,0.016
721.9,0.0092,0.016
722.7,0.01035,0.016
723.5,0.01035,0.017
724.3,0.01035,0.016
725.1,0.01035,0.016
725.8,0.0092,0.016
726.6,0.0092,0.017
727.4,0.0092,0.017
728.2,0.0092,0.017
728.9,0.0092,0.017
729.7,0.0092,0.017
730.5,0.0092,0.017
731.3,0.0092,0.018
732.1,0.0092,0.018
732.8,0.0092,0.018
733.6,0.0092,0.018
734.4,0.0092,0.018
735.2,0.0092,0.018
736,0.01035,0.018
736.7,0.01035,0.018
737.5,0.0092,0.018
738.3,0.01035,0.018
739.1,0.01035,0.018
739.8,0.01035,0.018
740.6,0.01035,0.018
741.4,0.01035,0.018
742.2,0.01035,0.018
743,0.01035,0.018
743.7,0.01035,0.018
744.5,0.0115,0.018
745.3,0.0115,0.018
746.1,0.0115,0.018
746.9,0.0115,0.018
747.6,0.01035,0.018
748.4,0.0115,0.018
749.2,0.0115,0.018
750,0.0115,0.018
750.8,0.01265,0.018
751.5,0.01265,0.018
752.3,0.01265,0.018
753.1,0.0115,0.018
753.9,0.0115,0.018
754.6,0.01035,0.018
755.4,0.0115,0.018
756.2,0.0115,0.018
757,0.01265,0.018
757.8,0.01265,0.018
758.5,0.0115,0.018
759.3,0.01265,0.019
760.1,0.0115,0.019
760.9,0.01265,0.019
761.7,0.0115,0.019
762.4,0.01265,0.019
763.2,0.01265,0.019
764,0.01265,0.019
764.8,0.0115,0.019
765.5,0.0115,0.019
766.3,0.0115,0.019
767.1,0.01265,0.019
767.9,0.01265,0.019
768.7,0.01265,0.019
769.4,0.01265,0.02
770.2,0.01265,0.02
771,0.01265,0.021
771.8,0.01265,0.02
772.6,0.0138,0.02
773.3,0.01495,0.02
774.1,0.01495,0.021
774.9,0.01495,0.021
775.7,0.0138,0.02
776.5,0.01495,0.021
777.2,0.01495,0.021
778,0.01495,0.021
778.8,0.01495,0.021
779.6,0.0138,0.021
780.3,0.0138,0.021
781.1,0.0138,0.021
781.9,0.0138,0.021
782.7,0.01495,0.021
783.5,0.0138,0.021
784.2,0.0138,0.021
785,0.0138,0.021
785.8,0.0138,0.021
786.6,0.01495,0.022
787.4,0.01495,0.022
788.1,0.0138,0.021
788.9,0.0138,0.022
789.7,0.0138,0.022
790.5,0.01495,0.022
791.2,0.01495,0.022
792,0.0138,0.022
792.8,0.0138,0.021
793.6,0.0138,0.022
794.4,0.0138,0.022
795.1,0.01265,0.022
795.9,0.01265,0.023
796.7,0.01265,0.023
797.5,0.0138,0.022
798.3,0.0138,0.022
799,0.0138,0.022
799.8,0.0138,0.022
800.6,0.0138,0.023
801.4,0.0138,0.024
802.2,0.01495,0.024
802.9,0.01495,0.024
803.7,0.01495,0.024
804.5,0.01495,0.024
805.3,0.01495,0.025
806,0.0161,0.025
806.8,0.0161,0.026
807.6,0.0161,0.025
808.4,0.0161,0.025
809.2,0.0161,0.025
809.9,0.0161,0.026
810.7,0.0161,0.026
811.5,0.01495,0.026
812.3,0.01495,0.026
813.1,0.01495,0.026
813.8,0.01495,0.026
814.6,0.0138,0.026
815.4,0.0138,0.026
816.2,0.0138,0.026
817,0.0138,0.025
817.7,0.01495,0.026
818.5,0.0138,0.026
819.3,0.01495,0.027
820.1,0.01495,0.027
820.8,0.01495,0.027
821.6,0.0138,0.027
822.4,0.01495,0.027
823.2,0.0138,0.027
824,0.0138,0.027
824.7,0.0138,0.027
825.5,0.0138,0.028
826.3,0.0138,0.029
827.1,0.0138,0.028
827.9,0.0138,0.028
828.6,0.0138,0.028
829.4,0.0138,0.029
830.2,0.0138,0.03
831,0.01265,0.03
831.8,0.01265,0.03
832.6,0.0115,0.029
833.5,0.01265,0.029
834.5,0.01265,0.03
835.4,0.0138,0.031
836.3,0.01265,0.031
837.2,0.01265,0.032
838.1,0.01265,0.032
839.1,0.01265,0.032
840,0.01265,0.031
840.9,0.01035,0.032
841.8,0.01035,0.033
842.8,0.01035,0.034
843.7,0.0115,0.035
844.6,0.0115,0.035
845.5,0.0115,0.035
846.5,0.0115,0.035
847.4,0.0115,0.035
848.3,0.01265,0.036
849.2,0.01265,0.036
850.1,0.01265,0.036
851.1,0.0115,0.037
852,0.0115,0.037
852.9,0.01265,0.037
853.8,0.01265,0.037
854.8,0.01265,0.037
855.7,0.0115,0.037
856.6,0.01265,0.039
857.5,0.01265,0.039
858.5,0.01265,0.039
859.4,0.01265,0.038
860.3,0.01265,0.038
861.2,0.01265,0.038
862.1,0.01265,0.039
863.1,0.0138,0.039
864,0.0138,0.039
864.9,0.01265,0.038
865.8,0.01265,0.038
866.8,0.01265,0.039
867.7,0.01265,0.039
868.6,0.01265,0.04
869.5,0.01265,0.04
870.5,0.01265,0.039
871.4,0.01265,0.04
872.3,0.01265,0.04
873.2,0.0138,0.04
874.1,0.0115,0.04
875.1,0.01035,0.04
876,0.01035,0.041
876.9,0.01035,0.041
877.8,0.0092,0.042
878.8,0.00805,0.043
879.7,0.0092,0.044
880.6,0.01035,0.045
881.5,0.0115,0.044
882.5,0.01035,0.044
883.4,0.01035,0.045
884.3,0.01035,0.045
885.2,0.0092,0.045
886.1,0.0092,0.046
887.1,0.0092,0.047
888,0.00805,0.047
888.9,0.0069,0.048
889.8,0.0069,0.048
890.8,0.00805,0.048
891.7,0.0069,0.049
892.6,0.00805,0.05
893.5,0.0069,0.05
894.5,0.00805,0.05
895.4,0.0069,0.05
896.3,0.00805,0.05
897.2,0.00805,0.05
898.1,0.0069,0.051
899.1,0.00575,0.051
900,0.00345,0.051